keyword,top_10_sites
"Ariyalur",
"Ariyalur drop taxi",
"Ariyalur one way taxi",
"Ariyalur taxi service",
"Ariyalur to Chennai drop taxi",
"Ariyalur outstation cab",
"Chengalpattu",
"Chengalpattu drop taxi",
"Chengalpattu one way taxi",
"Chengalpattu taxi service",
"Chengalpattu to Chennai cab",
"Chengalpattu outstation taxi",
"Chennai",
"Chennai drop taxi",
"Chennai one way taxi",
"Chennai outstation cab",
"Chennai airport drop taxi",
"Chennai to Bangalore one way taxi",
"Coimbatore",
"Coimbatore drop taxi",
"Coimbatore one way taxi",
"Coimbatore airport taxi",
"Coimbatore outstation cab",
"Coimbatore to Chennai one way taxi",
"Cuddalore",
"Cuddalore drop taxi",
"Cuddalore one way taxi",
"Cuddalore taxi service",
"Cuddalore to Chennai cab",
"Cuddalore outstation taxi",
"Dharmapuri",
"Dharmapuri drop taxi",
"Dharmapuri one way taxi",
"Dharmapuri taxi service",
"Dharmapuri to Bangalore cab",
"Dharmapuri outstation taxi",
"Dindigul",
"Dindigul drop taxi",
"Dindigul one way taxi",
"Dindigul taxi service",
"Dindigul to Chennai cab",
"Dindigul outstation taxi",
"Erode",
"Erode drop taxi",
"Erode one way taxi",
"Erode taxi service",
"Erode to Coimbatore cab",
"Erode outstation taxi",
"Kallakurichi",
"Kallakurichi drop taxi",
"Kallakurichi one way taxi",
"Kallakurichi taxi service",
"Kallakurichi to Chennai cab",
"Kallakurichi outstation taxi",
"Kanchipuram",
"Kanchipuram drop taxi",
"Kanchipuram one way taxi",
"Kanchipuram taxi service",
"Kanchipuram to Chennai cab",
"Kanchipuram outstation taxi",
"Kanyakumari",
"Kanyakumari drop taxi",
"Kanyakumari one way taxi",
"Kanyakumari taxi service",
"Kanyakumari to Trivandrum cab",
"Kanyakumari outstation taxi",
"Karur",
"Karur drop taxi",
"Karur one way taxi",
"Karur taxi service",
"Karur to Coimbatore cab",
"Karur outstation taxi",
"Krishnagiri",
"Krishnagiri drop taxi",
"Krishnagiri one way taxi",
"Krishnagiri taxi service",
"Krishnagiri to Bangalore cab",
"Krishnagiri outstation taxi",
"Madurai",
"Madurai drop taxi",
"Madurai one way taxi",
"Madurai airport taxi",
"Madurai outstation cab",
"Madurai to Chennai one way taxi",
"Mayiladuthurai",
"Mayiladuthurai drop taxi",
"Mayiladuthurai one way taxi",
"Mayiladuthurai taxi service",
"Mayiladuthurai to Chennai cab",
"Mayiladuthurai outstation taxi",
"Nagapattinam",
"Nagapattinam drop taxi",
"Nagapattinam one way taxi",
"Nagapattinam taxi service",
"Nagapattinam to Chennai cab",
"Nagapattinam outstation taxi",
"Namakkal",
"Namakkal drop taxi",
"Namakkal one way taxi",
"Namakkal taxi service",
"Namakkal to Coimbatore cab",
"Namakkal outstation taxi",
"Nilgiris (Ooty)",
"Ooty drop taxi",
"Ooty one way taxi",
"Nilgiris taxi service",
"Ooty outstation cab",
"Ooty to Coimbatore taxi",
"Perambalur",
"Perambalur drop taxi",
"Perambalur one way taxi",
"Perambalur taxi service",
"Perambalur to Chennai cab",
"Perambalur outstation taxi",
"Pudukkottai",
"Pudukkottai drop taxi",
"Pudukkottai one way taxi",
"Pudukkottai taxi service",
"Pudukkottai to Chennai cab",
"Pudukkottai outstation taxi",
"Ramanathapuram",
"Ramanathapuram drop taxi",
"Ramanathapuram one way taxi",
"Ramanathapuram taxi service",
"Ramanathapuram to Madurai cab",
"Ramanathapuram outstation taxi",
"Ranipet",
"Ranipet drop taxi",
"Ranipet one way taxi",
"Ranipet taxi service",
"Ranipet to Chennai cab",
"Ranipet outstation taxi",
"Salem",
"Salem drop taxi",
"Salem one way taxi",
"Salem taxi service",
"Salem to Bangalore cab",
"Salem outstation taxi",
"Sivaganga",
"Sivaganga drop taxi",
"Sivaganga one way taxi",
"Sivaganga taxi service",
"Sivaganga to Madurai cab",
"Sivaganga outstation taxi",
"Tenkasi",
"Tenkasi drop taxi",
"Tenkasi one way taxi",
"Tenkasi taxi service",
"Tenkasi to Madurai cab",
"Tenkasi outstation taxi",
"Thanjavur",
"Thanjavur drop taxi",
"Thanjavur one way taxi",
"Thanjavur taxi service",
"Thanjavur to Chennai cab",
"Thanjavur outstation taxi",
"Theni",
"Theni drop taxi",
"Theni one way taxi",
"Theni taxi service",
"Theni to Madurai cab",
"Theni outstation taxi",
"Thoothukudi",
"Thoothukudi drop taxi",
"Thoothukudi one way taxi",
"Thoothukudi taxi service",
"Thoothukudi to Madurai cab",
"Thoothukudi outstation taxi",
"Tiruchirappalli (Trichy)",
"Trichy drop taxi",
"Trichy one way taxi",
"Trichy airport taxi",
"Trichy outstation cab",
"Trichy to Chennai one way taxi",
"Tirunelveli",
"Tirunelveli drop taxi",
"Tirunelveli one way taxi",
"Tirunelveli taxi service",
"Tirunelveli to Madurai cab",
"Tirunelveli outstation taxi",
"Tirupattur",
"Tirupattur drop taxi",
"Tirupattur one way taxi",
"Tirupattur taxi service",
"Tirupattur to Chennai cab",
"Tirupattur outstation taxi",
"Tiruppur",
"Tiruppur drop taxi",
"Tiruppur one way taxi",
"Tiruppur taxi service",
"Tiruppur to Coimbatore cab",
"Tiruppur outstation taxi",
"Tiruvallur",
"Tiruvallur drop taxi",
"Tiruvallur one way taxi",
"Tiruvallur taxi service",
"Tiruvallur to Chennai cab",
"Tiruvallur outstation taxi",
"Tiruvannamalai",
"Tiruvannamalai drop taxi",
"Tiruvannamalai one way taxi",
"Tiruvannamalai taxi service",
"Tiruvannamalai to Chennai cab",
"Tiruvannamalai outstation taxi",
"Tiruvarur",
"Tiruvarur drop taxi",
"Tiruvarur one way taxi",
"Tiruvarur taxi service",
"Tiruvarur to Chennai cab",
"Tiruvarur outstation taxi",
"Vellore",
"Vellore drop taxi",
"Vellore one way taxi",
"Vellore taxi service",
"Vellore to Chennai cab",
"Vellore outstation taxi",
"Viluppuram",
"Viluppuram drop taxi",
"Viluppuram one way taxi",
"Viluppuram taxi service",
"Viluppuram to Chennai cab",
"Viluppuram outstation taxi",
"Virudhunagar",
"Virudhunagar drop taxi",
"Virudhunagar one way taxi",
"Virudhunagar taxi service",
"Virudhunagar to Madurai cab",
"Virudhunagar outstation taxi",